linear_regression_additional/trace/lra_00/vpython_car.txt,n_car,4.991247,13:56:47,13:56:52,2335673,4256857,131,159063
linear_regression_additional/trace/lra_00/vpython_diabetes.txt,betes,6.572901,13:57:02,13:57:08,2562462,4627349,124,176722
linear_regression_additional/trace/lra_00/vpython_energy.txt,nergy,5.040606,13:57:10,13:57:15,2331057,4247333,130,158850
linear_regression_additional/trace/lra_00/vpython_house.txt,house,5.186659,13:57:17,13:57:23,2347985,4283231,126,159687
linear_regression_additional/trace/lra_00/vpython_medical.txt,dical,5.172931,13:56:54,13:57:00,2329957,4245085,129,158806

linear_regression_additional/trace/lra_01/vpython_car.txt,n_car,5.275301,14:26:22,14:26:28,2335676,4256862,131,159063
linear_regression_additional/trace/lra_01/vpython_diabetes.txt,betes,5.139532,14:26:37,14:26:42,2562471,4627364,124,176722
linear_regression_additional/trace/lra_01/vpython_energy.txt,nergy,4.954407,14:26:44,14:26:49,2331069,4247353,130,158850
linear_regression_additional/trace/lra_01/vpython_house.txt,house,5.042044,14:26:51,14:26:56,2347991,4283241,126,159687
linear_regression_additional/trace/lra_01/vpython_medical.txt,dical,5.115771,14:26:30,14:26:35,2329942,4245060,129,158806

linear_regression_additional/trace/lra_02/vpython_car.txt,n_car,5.452191,14:26:58,14:27:04,2335676,4256862,131,159063
linear_regression_additional/trace/lra_02/vpython_diabetes.txt,betes,5.173311,14:27:13,14:27:18,2562450,4627329,124,176722
linear_regression_additional/trace/lra_02/vpython_energy.txt,nergy,4.821772,14:27:20,14:27:25,2331075,4247363,130,158850
linear_regression_additional/trace/lra_02/vpython_house.txt,house,5.007591,14:27:27,14:27:32,2347985,4283231,126,159687
linear_regression_additional/trace/lra_02/vpython_medical.txt,dical,4.953303,14:27:06,14:27:11,2329954,4245080,129,158806

linear_regression_additional/trace/lra_03/vpython_car.txt,n_car,4.946903,14:27:34,14:27:39,2335661,4256837,131,159063
linear_regression_additional/trace/lra_03/vpython_diabetes.txt,betes,4.980035,14:27:48,14:27:53,2562450,4627329,124,176722
linear_regression_additional/trace/lra_03/vpython_energy.txt,nergy,4.824698,14:27:55,14:28:00,2331075,4247363,130,158850
linear_regression_additional/trace/lra_03/vpython_house.txt,house,4.902428,14:28:02,14:28:07,2347991,4283241,126,159687
linear_regression_additional/trace/lra_03/vpython_medical.txt,dical,4.833396,14:27:41,14:27:46,2329942,4245060,129,158806

linear_regression_additional/trace/lra_04/vpython_car.txt,n_car,5.19144,14:28:09,14:28:14,2335664,4256842,131,159063
linear_regression_additional/trace/lra_04/vpython_diabetes.txt,betes,5.186974,14:28:24,14:28:29,2562462,4627349,124,176722
linear_regression_additional/trace/lra_04/vpython_energy.txt,nergy,4.671095,14:28:31,14:28:36,2331072,4247358,130,158850
linear_regression_additional/trace/lra_04/vpython_house.txt,house,4.766668,14:28:38,14:28:42,2347988,4283236,126,159687
linear_regression_additional/trace/lra_04/vpython_medical.txt,dical,5.405069,14:28:16,14:28:22,2329948,4245070,129,158806

linear_regression_additional/trace/lra_05/vpython_car.txt,n_car,4.572762,14:28:45,14:28:49,2335685,4256877,131,159063
linear_regression_additional/trace/lra_05/vpython_diabetes.txt,betes,6.081724,14:28:58,14:29:04,2562462,4627349,124,176722
linear_regression_additional/trace/lra_05/vpython_energy.txt,nergy,5.159937,14:29:06,14:29:11,2331063,4247343,130,158850
linear_regression_additional/trace/lra_05/vpython_house.txt,house,5.028001,14:29:13,14:29:18,2347976,4283216,126,159687
linear_regression_additional/trace/lra_05/vpython_medical.txt,dical,4.858311,14:28:51,14:28:56,2329939,4245055,129,158806

linear_regression_additional/trace/lra_06/vpython_car.txt,n_car,4.459779,14:29:21,14:29:25,2335655,4256827,131,159063
linear_regression_additional/trace/lra_06/vpython_diabetes.txt,betes,5.249197,14:29:34,14:29:39,2562444,4627319,124,176722
linear_regression_additional/trace/lra_06/vpython_energy.txt,nergy,4.69342,14:29:41,14:29:46,2331081,4247373,130,158850
linear_regression_additional/trace/lra_06/vpython_house.txt,house,5.066517,14:29:48,14:29:53,2347982,4283226,126,159687
linear_regression_additional/trace/lra_06/vpython_medical.txt,dical,4.563764,14:29:27,14:29:32,2329966,4245100,129,158806

linear_regression_additional/trace/lra_07/vpython_car.txt,n_car,5.490411,14:29:55,14:30:01,2335679,4256867,131,159063
linear_regression_additional/trace/lra_07/vpython_diabetes.txt,betes,5.706148,14:30:10,14:30:15,2562477,4627374,124,176722
linear_regression_additional/trace/lra_07/vpython_energy.txt,nergy,4.562287,14:30:18,14:30:22,2331075,4247363,130,158850
linear_regression_additional/trace/lra_07/vpython_house.txt,house,4.813975,14:30:24,14:30:29,2347988,4283236,126,159687
linear_regression_additional/trace/lra_07/vpython_medical.txt,dical,5.088553,14:30:03,14:30:08,2329951,4245075,129,158806

linear_regression_additional/trace/lra_08/vpython_car.txt,n_car,4.64294,14:30:31,14:30:36,2335676,4256862,131,159063
linear_regression_additional/trace/lra_08/vpython_diabetes.txt,betes,5.910806,14:30:45,14:30:51,2562459,4627344,124,176722
linear_regression_additional/trace/lra_08/vpython_energy.txt,nergy,5.144794,14:30:53,14:30:58,2331075,4247363,130,158850
linear_regression_additional/trace/lra_08/vpython_house.txt,house,5.582208,14:31:00,14:31:06,2347979,4283221,126,159687
linear_regression_additional/trace/lra_08/vpython_medical.txt,dical,5.25368,14:30:38,14:30:43,2329972,4245110,129,158806

linear_regression_additional/trace/lra_09/vpython_car.txt,n_car,4.666604,14:31:08,14:31:13,2335673,4256857,131,159063
linear_regression_additional/trace/lra_09/vpython_diabetes.txt,betes,6.048963,14:31:22,14:31:28,2562459,4627344,124,176722
linear_regression_additional/trace/lra_09/vpython_energy.txt,nergy,5.412903,14:31:30,14:31:36,2331081,4247373,130,158850
linear_regression_additional/trace/lra_09/vpython_house.txt,house,5.111546,14:31:38,14:31:43,2347988,4283236,126,159687
linear_regression_additional/trace/lra_09/vpython_medical.txt,dical,5.174294,14:31:15,14:31:20,2329945,4245065,129,158806

linear_regression_additional/trace/lra_10/vpython_car.txt,n_car,5.152807,14:31:45,14:31:50,2335682,4256872,131,159063
linear_regression_additional/trace/lra_10/vpython_diabetes.txt,betes,5.559774,14:32:00,14:32:05,2562447,4627324,124,176722
linear_regression_additional/trace/lra_10/vpython_energy.txt,nergy,4.463335,14:32:07,14:32:12,2331069,4247353,130,158850
linear_regression_additional/trace/lra_10/vpython_house.txt,house,5.370987,14:32:14,14:32:19,2347979,4283221,126,159687
linear_regression_additional/trace/lra_10/vpython_medical.txt,dical,5.527818,14:31:52,14:31:58,2329945,4245065,129,158806

linear_regression_additional/trace/lra_100/vpython_car.txt,n_car,5.222534,15:28:01,15:28:06,2335697,4256897,131,159063
linear_regression_additional/trace/lra_100/vpython_diabetes.txt,betes,6.045305,15:28:16,15:28:22,2562453,4627334,124,176722
linear_regression_additional/trace/lra_100/vpython_energy.txt,nergy,5.308211,15:28:24,15:28:29,2331087,4247383,130,158850
linear_regression_additional/trace/lra_100/vpython_house.txt,house,5.076069,15:28:31,15:28:37,2347988,4283236,126,159687
linear_regression_additional/trace/lra_100/vpython_medical.txt,dical,5.363047,15:28:09,15:28:14,2329954,4245080,129,158806

linear_regression_additional/trace/lra_11/vpython_car.txt,n_car,5.109114,14:32:21,14:32:26,2335664,4256842,131,159063
linear_regression_additional/trace/lra_11/vpython_diabetes.txt,betes,6.036252,14:32:36,14:32:42,2562450,4627329,124,176722
linear_regression_additional/trace/lra_11/vpython_energy.txt,nergy,5.384075,14:32:44,14:32:49,2331072,4247358,130,158850
linear_regression_additional/trace/lra_11/vpython_house.txt,house,5.431177,14:32:52,14:32:57,2347994,4283246,126,159687
linear_regression_additional/trace/lra_11/vpython_medical.txt,dical,5.368169,14:32:29,14:32:34,2329942,4245060,129,158806

linear_regression_additional/trace/lra_12/vpython_car.txt,n_car,5.494237,14:32:59,14:33:05,2335667,4256847,131,159063
linear_regression_additional/trace/lra_12/vpython_diabetes.txt,betes,5.899012,14:33:14,14:33:20,2562462,4627349,124,176722
linear_regression_additional/trace/lra_12/vpython_energy.txt,nergy,4.931927,14:33:22,14:33:27,2331063,4247343,130,158850
linear_regression_additional/trace/lra_12/vpython_house.txt,house,5.326288,14:33:29,14:33:34,2348000,4283256,126,159687
linear_regression_additional/trace/lra_12/vpython_medical.txt,dical,5.110385,14:33:07,14:33:12,2329951,4245075,129,158806

linear_regression_additional/trace/lra_13/vpython_car.txt,n_car,5.003252,14:33:36,14:33:41,2335670,4256852,131,159063
linear_regression_additional/trace/lra_13/vpython_diabetes.txt,betes,5.774997,14:33:51,14:33:56,2562471,4627364,124,176722
linear_regression_additional/trace/lra_13/vpython_energy.txt,nergy,5.033786,14:33:59,14:34:04,2331078,4247368,130,158850
linear_regression_additional/trace/lra_13/vpython_house.txt,house,5.162508,14:34:06,14:34:11,2347994,4283246,126,159687
linear_regression_additional/trace/lra_13/vpython_medical.txt,dical,5.326828,14:33:43,14:33:49,2329966,4245100,129,158806

linear_regression_additional/trace/lra_14/vpython_car.txt,n_car,5.394847,14:34:13,14:34:18,2335700,4256902,131,159063
linear_regression_additional/trace/lra_14/vpython_diabetes.txt,betes,5.725019,14:34:28,14:34:34,2562462,4627349,124,176722
linear_regression_additional/trace/lra_14/vpython_energy.txt,nergy,5.334861,14:34:36,14:34:41,2331066,4247348,130,158850
linear_regression_additional/trace/lra_14/vpython_house.txt,house,4.800648,14:34:43,14:34:48,2347982,4283226,126,159687
linear_regression_additional/trace/lra_14/vpython_medical.txt,dical,5.266002,14:34:20,14:34:26,2329951,4245075,129,158806

linear_regression_additional/trace/lra_15/vpython_car.txt,n_car,5.174361,14:34:50,14:34:55,2335658,4256832,131,159063
linear_regression_additional/trace/lra_15/vpython_diabetes.txt,betes,5.952622,14:35:05,14:35:10,2562483,4627384,124,176722
linear_regression_additional/trace/lra_15/vpython_energy.txt,nergy,5.146413,14:35:13,14:35:18,2331087,4247383,130,158850
linear_regression_additional/trace/lra_15/vpython_house.txt,house,5.098925,14:35:20,14:35:25,2347988,4283236,126,159687
linear_regression_additional/trace/lra_15/vpython_medical.txt,dical,5.26743,14:34:57,14:35:02,2329948,4245070,129,158806

linear_regression_additional/trace/lra_16/vpython_car.txt,n_car,5.419506,14:35:27,14:35:32,2335679,4256867,131,159063
linear_regression_additional/trace/lra_16/vpython_diabetes.txt,betes,5.814082,14:35:42,14:35:48,2562459,4627344,124,176722
linear_regression_additional/trace/lra_16/vpython_energy.txt,nergy,5.375576,14:35:50,14:35:55,2331096,4247398,130,158850
linear_regression_additional/trace/lra_16/vpython_house.txt,house,5.529605,14:35:57,14:36:03,2347985,4283231,126,159687
linear_regression_additional/trace/lra_16/vpython_medical.txt,dical,5.57718,14:35:34,14:35:40,2329945,4245065,129,158806

linear_regression_additional/trace/lra_17/vpython_car.txt,n_car,5.48813,14:36:05,14:36:11,2335655,4256827,131,159063
linear_regression_additional/trace/lra_17/vpython_diabetes.txt,betes,6.148182,14:36:20,14:36:26,2562480,4627379,124,176722
linear_regression_additional/trace/lra_17/vpython_energy.txt,nergy,5.252392,14:36:28,14:36:33,2331069,4247353,130,158850
linear_regression_additional/trace/lra_17/vpython_house.txt,house,5.196776,14:36:35,14:36:41,2347979,4283221,126,159687
linear_regression_additional/trace/lra_17/vpython_medical.txt,dical,5.197828,14:36:13,14:36:18,2329972,4245110,129,158806

linear_regression_additional/trace/lra_18/vpython_car.txt,n_car,5.104719,14:36:43,14:36:48,2335673,4256857,131,159063
linear_regression_additional/trace/lra_18/vpython_diabetes.txt,betes,5.823434,14:36:57,14:37:02,2562456,4627339,124,176722
linear_regression_additional/trace/lra_18/vpython_energy.txt,nergy,5.602641,14:37:04,14:37:10,2331081,4247373,130,158850
linear_regression_additional/trace/lra_18/vpython_house.txt,house,5.635827,14:37:12,14:37:18,2347985,4283231,126,159687
linear_regression_additional/trace/lra_18/vpython_medical.txt,dical,4.540411,14:36:50,14:36:54,2329954,4245080,129,158806

linear_regression_additional/trace/lra_19/vpython_car.txt,n_car,5.470157,14:37:20,14:37:25,2335670,4256852,131,159063
linear_regression_additional/trace/lra_19/vpython_diabetes.txt,betes,5.768022,14:37:35,14:37:40,2562471,4627364,124,176722
linear_regression_additional/trace/lra_19/vpython_energy.txt,nergy,5.156004,14:37:42,14:37:48,2331072,4247358,130,158850
linear_regression_additional/trace/lra_19/vpython_house.txt,house,5.440249,14:37:50,14:37:55,2347973,4283211,126,159687
linear_regression_additional/trace/lra_19/vpython_medical.txt,dical,5.1158,14:37:27,14:37:33,2329945,4245065,129,158806

linear_regression_additional/trace/lra_20/vpython_car.txt,n_car,5.303934,14:37:57,14:38:03,2335661,4256837,131,159063
linear_regression_additional/trace/lra_20/vpython_diabetes.txt,betes,5.695262,14:38:12,14:38:17,2562465,4627354,124,176722
linear_regression_additional/trace/lra_20/vpython_energy.txt,nergy,5.443311,14:38:19,14:38:25,2331069,4247353,130,158850
linear_regression_additional/trace/lra_20/vpython_house.txt,house,5.470897,14:38:27,14:38:32,2347976,4283216,126,159687
linear_regression_additional/trace/lra_20/vpython_medical.txt,dical,4.965603,14:38:05,14:38:10,2329939,4245055,129,158806

linear_regression_additional/trace/lra_21/vpython_car.txt,n_car,5.243679,14:38:35,14:38:40,2335655,4256827,131,159063
linear_regression_additional/trace/lra_21/vpython_diabetes.txt,betes,5.902236,14:38:49,14:38:55,2562450,4627329,124,176722
linear_regression_additional/trace/lra_21/vpython_energy.txt,nergy,5.250518,14:38:57,14:39:02,2331078,4247368,130,158850
linear_regression_additional/trace/lra_21/vpython_house.txt,house,5.425535,14:39:04,14:39:10,2347985,4283231,126,159687
linear_regression_additional/trace/lra_21/vpython_medical.txt,dical,5.089213,14:38:42,14:38:47,2329939,4245055,129,158806

linear_regression_additional/trace/lra_22/vpython_car.txt,n_car,5.513423,14:39:12,14:39:17,2335670,4256852,131,159063
linear_regression_additional/trace/lra_22/vpython_diabetes.txt,betes,5.686018,14:39:27,14:39:32,2562465,4627354,124,176722
linear_regression_additional/trace/lra_22/vpython_energy.txt,nergy,5.054659,14:39:34,14:39:39,2331072,4247358,130,158850
linear_regression_additional/trace/lra_22/vpython_house.txt,house,5.308311,14:39:42,14:39:47,2347967,4283201,126,159687
linear_regression_additional/trace/lra_22/vpython_medical.txt,dical,5.158302,14:39:19,14:39:25,2329936,4245050,129,158806

linear_regression_additional/trace/lra_23/vpython_car.txt,n_car,5.104355,14:39:49,14:39:54,2335685,4256877,131,159063
linear_regression_additional/trace/lra_23/vpython_diabetes.txt,betes,6.313803,14:40:03,14:40:10,2562468,4627359,124,176722
linear_regression_additional/trace/lra_23/vpython_energy.txt,nergy,5.291498,14:40:12,14:40:17,2331084,4247378,130,158850
linear_regression_additional/trace/lra_23/vpython_house.txt,house,5.294634,14:40:19,14:40:24,2347982,4283226,126,159687
linear_regression_additional/trace/lra_23/vpython_medical.txt,dical,5.140026,14:39:56,14:40:01,2329954,4245080,129,158806

linear_regression_additional/trace/lra_24/vpython_car.txt,n_car,5.31344,14:40:27,14:40:32,2335676,4256862,131,159063
linear_regression_additional/trace/lra_24/vpython_diabetes.txt,betes,5.818214,14:40:41,14:40:47,2562465,4627354,124,176722
linear_regression_additional/trace/lra_24/vpython_energy.txt,nergy,5.417973,14:40:49,14:40:54,2331063,4247343,130,158850
linear_regression_additional/trace/lra_24/vpython_house.txt,house,5.265397,14:40:56,14:41:02,2347985,4283231,126,159687
linear_regression_additional/trace/lra_24/vpython_medical.txt,dical,4.874131,14:40:34,14:40:39,2329948,4245070,129,158806

linear_regression_additional/trace/lra_25/vpython_car.txt,n_car,5.259357,14:41:04,14:41:09,2335679,4256867,131,159063
linear_regression_additional/trace/lra_25/vpython_diabetes.txt,betes,5.669385,14:41:19,14:41:24,2562483,4627384,124,176722
linear_regression_additional/trace/lra_25/vpython_energy.txt,nergy,5.288567,14:41:26,14:41:32,2331075,4247363,130,158850
linear_regression_additional/trace/lra_25/vpython_house.txt,house,5.615868,14:41:34,14:41:39,2347976,4283216,126,159687
linear_regression_additional/trace/lra_25/vpython_medical.txt,dical,5.498544,14:41:11,14:41:16,2329960,4245090,129,158806

linear_regression_additional/trace/lra_26/vpython_car.txt,n_car,5.133189,14:41:41,14:41:47,2335661,4256837,131,159063
linear_regression_additional/trace/lra_26/vpython_diabetes.txt,betes,5.496996,14:41:56,14:42:02,2562468,4627359,124,176722
linear_regression_additional/trace/lra_26/vpython_energy.txt,nergy,5.228903,14:42:04,14:42:09,2331075,4247363,130,158850
linear_regression_additional/trace/lra_26/vpython_house.txt,house,5.427566,14:42:11,14:42:16,2347976,4283216,126,159687
linear_regression_additional/trace/lra_26/vpython_medical.txt,dical,5.358151,14:41:49,14:41:54,2329951,4245075,129,158806

linear_regression_additional/trace/lra_27/vpython_car.txt,n_car,5.005299,14:42:18,14:42:23,2335676,4256862,131,159063
linear_regression_additional/trace/lra_27/vpython_diabetes.txt,betes,6.162161,14:42:33,14:42:39,2562456,4627339,124,176722
linear_regression_additional/trace/lra_27/vpython_energy.txt,nergy,5.443441,14:42:41,14:42:46,2331063,4247343,130,158850
linear_regression_additional/trace/lra_27/vpython_house.txt,house,5.238202,14:42:48,14:42:54,2347982,4283226,126,159687
linear_regression_additional/trace/lra_27/vpython_medical.txt,dical,5.160909,14:42:26,14:42:31,2329969,4245105,129,158806

linear_regression_additional/trace/lra_28/vpython_car.txt,n_car,5.330938,14:42:56,14:43:01,2335667,4256847,131,159063
linear_regression_additional/trace/lra_28/vpython_diabetes.txt,betes,5.595709,14:43:10,14:43:16,2562480,4627379,124,176722
linear_regression_additional/trace/lra_28/vpython_energy.txt,nergy,5.082819,14:43:18,14:43:23,2331072,4247358,130,158850
linear_regression_additional/trace/lra_28/vpython_house.txt,house,5.282504,14:43:25,14:43:31,2347985,4283231,126,159687
linear_regression_additional/trace/lra_28/vpython_medical.txt,dical,5.137135,14:43:03,14:43:08,2329948,4245070,129,158806

linear_regression_additional/trace/lra_29/vpython_car.txt,n_car,5.347472,14:43:33,14:43:38,2335688,4256882,131,159063
linear_regression_additional/trace/lra_29/vpython_diabetes.txt,betes,6.204918,14:43:48,14:43:54,2562462,4627349,124,176722
linear_regression_additional/trace/lra_29/vpython_energy.txt,nergy,5.166197,14:43:56,14:44:01,2331087,4247383,130,158850
linear_regression_additional/trace/lra_29/vpython_house.txt,house,5.282659,14:44:03,14:44:09,2347988,4283236,126,159687
linear_regression_additional/trace/lra_29/vpython_medical.txt,dical,5.605576,14:43:40,14:43:46,2329954,4245080,129,158806

linear_regression_additional/trace/lra_30/vpython_car.txt,n_car,5.327921,14:44:11,14:44:16,2335658,4256832,131,159063
linear_regression_additional/trace/lra_30/vpython_diabetes.txt,betes,5.686739,14:44:26,14:44:31,2562459,4627344,124,176722
linear_regression_additional/trace/lra_30/vpython_energy.txt,nergy,5.202454,14:44:33,14:44:39,2331078,4247368,130,158850
linear_regression_additional/trace/lra_30/vpython_house.txt,house,5.347167,14:44:41,14:44:46,2347976,4283216,126,159687
linear_regression_additional/trace/lra_30/vpython_medical.txt,dical,5.385178,14:44:18,14:44:23,2329957,4245085,129,158806

linear_regression_additional/trace/lra_31/vpython_car.txt,n_car,5.435423,14:44:48,14:44:53,2335676,4256862,131,159063
linear_regression_additional/trace/lra_31/vpython_diabetes.txt,betes,5.936222,14:45:03,14:45:09,2562465,4627354,124,176722
linear_regression_additional/trace/lra_31/vpython_energy.txt,nergy,5.227452,14:45:11,14:45:16,2331081,4247373,130,158850
linear_regression_additional/trace/lra_31/vpython_house.txt,house,5.386473,14:45:18,14:45:24,2347994,4283246,126,159687
linear_regression_additional/trace/lra_31/vpython_medical.txt,dical,5.215268,14:44:56,14:45:01,2329948,4245070,129,158806

linear_regression_additional/trace/lra_32/vpython_car.txt,n_car,5.338192,14:45:26,14:45:31,2335673,4256857,131,159063
linear_regression_additional/trace/lra_32/vpython_diabetes.txt,betes,5.893447,14:45:40,14:45:46,2562459,4627344,124,176722
linear_regression_additional/trace/lra_32/vpython_energy.txt,nergy,5.158277,14:45:48,14:45:54,2331090,4247388,130,158850
linear_regression_additional/trace/lra_32/vpython_house.txt,house,5.518718,14:45:56,14:46:01,2347994,4283246,126,159687
linear_regression_additional/trace/lra_32/vpython_medical.txt,dical,5.336343,14:45:33,14:45:38,2329945,4245065,129,158806

linear_regression_additional/trace/lra_33/vpython_car.txt,n_car,5.702957,14:46:03,14:46:09,2335670,4256852,131,159063
linear_regression_additional/trace/lra_33/vpython_diabetes.txt,betes,6.03007,14:46:18,14:46:24,2562462,4627349,124,176722
linear_regression_additional/trace/lra_33/vpython_energy.txt,nergy,5.067864,14:46:26,14:46:31,2331084,4247378,130,158850
linear_regression_additional/trace/lra_33/vpython_house.txt,house,5.252547,14:46:33,14:46:39,2347973,4283211,126,159687
linear_regression_additional/trace/lra_33/vpython_medical.txt,dical,5.051406,14:46:11,14:46:16,2329954,4245080,129,158806

linear_regression_additional/trace/lra_34/vpython_car.txt,n_car,5.301414,14:46:41,14:46:46,2335694,4256892,131,159063
linear_regression_additional/trace/lra_34/vpython_diabetes.txt,betes,6.268204,14:46:55,14:47:02,2562456,4627339,124,176722
linear_regression_additional/trace/lra_34/vpython_energy.txt,nergy,5.179448,14:47:04,14:47:09,2331090,4247388,130,158850
linear_regression_additional/trace/lra_34/vpython_house.txt,house,5.22465,14:47:11,14:47:16,2347976,4283216,126,159687
linear_regression_additional/trace/lra_34/vpython_medical.txt,dical,5.212498,14:46:48,14:46:53,2329951,4245075,129,158806

linear_regression_additional/trace/lra_35/vpython_car.txt,n_car,5.441369,14:47:18,14:47:24,2335667,4256847,131,159063
linear_regression_additional/trace/lra_35/vpython_diabetes.txt,betes,6.351784,14:47:33,14:47:40,2562459,4627344,124,176722
linear_regression_additional/trace/lra_35/vpython_energy.txt,nergy,5.270975,14:47:42,14:47:47,2331075,4247363,130,158850
linear_regression_additional/trace/lra_35/vpython_house.txt,house,5.360272,14:47:49,14:47:54,2347973,4283211,126,159687
linear_regression_additional/trace/lra_35/vpython_medical.txt,dical,5.322187,14:47:26,14:47:31,2329945,4245065,129,158806

linear_regression_additional/trace/lra_36/vpython_car.txt,n_car,5.127116,14:47:57,14:48:02,2335667,4256847,131,159063
linear_regression_additional/trace/lra_36/vpython_diabetes.txt,betes,5.719442,14:48:11,14:48:17,2562480,4627379,124,176722
linear_regression_additional/trace/lra_36/vpython_energy.txt,nergy,5.19364,14:48:19,14:48:24,2331072,4247358,130,158850
linear_regression_additional/trace/lra_36/vpython_house.txt,house,5.526815,14:48:26,14:48:32,2347973,4283211,126,159687
linear_regression_additional/trace/lra_36/vpython_medical.txt,dical,5.310792,14:48:04,14:48:09,2329954,4245080,129,158806

linear_regression_additional/trace/lra_37/vpython_car.txt,n_car,5.513874,14:48:34,14:48:39,2335673,4256857,131,159063
linear_regression_additional/trace/lra_37/vpython_diabetes.txt,betes,5.893815,14:48:49,14:48:55,2562444,4627319,124,176722
linear_regression_additional/trace/lra_37/vpython_energy.txt,nergy,5.077185,14:48:57,14:49:02,2331066,4247348,130,158850
linear_regression_additional/trace/lra_37/vpython_house.txt,house,5.347451,14:49:04,14:49:09,2347985,4283231,126,159687
linear_regression_additional/trace/lra_37/vpython_medical.txt,dical,5.27851,14:48:41,14:48:47,2329960,4245090,129,158806

linear_regression_additional/trace/lra_38/vpython_car.txt,n_car,5.453854,14:49:11,14:49:17,2335673,4256857,131,159063
linear_regression_additional/trace/lra_38/vpython_diabetes.txt,betes,5.973656,14:49:26,14:49:32,2562465,4627354,124,176722
linear_regression_additional/trace/lra_38/vpython_energy.txt,nergy,5.058742,14:49:34,14:49:39,2331078,4247368,130,158850
linear_regression_additional/trace/lra_38/vpython_house.txt,house,5.454738,14:49:42,14:49:47,2347994,4283246,126,159687
linear_regression_additional/trace/lra_38/vpython_medical.txt,dical,5.439597,14:49:19,14:49:24,2329942,4245060,129,158806

linear_regression_additional/trace/lra_39/vpython_car.txt,n_car,5.21707,14:49:49,14:49:54,2335676,4256862,131,159063
linear_regression_additional/trace/lra_39/vpython_diabetes.txt,betes,5.570062,14:50:03,14:50:09,2562453,4627334,124,176722
linear_regression_additional/trace/lra_39/vpython_energy.txt,nergy,5.669208,14:50:11,14:50:17,2331072,4247358,130,158850
linear_regression_additional/trace/lra_39/vpython_house.txt,house,5.34916,14:50:19,14:50:24,2348012,4283276,126,159687
linear_regression_additional/trace/lra_39/vpython_medical.txt,dical,4.956885,14:49:56,14:50:01,2329951,4245075,129,158806

linear_regression_additional/trace/lra_40/vpython_car.txt,n_car,5.389571,14:50:26,14:50:32,2335658,4256832,131,159063
linear_regression_additional/trace/lra_40/vpython_diabetes.txt,betes,5.90206,14:50:41,14:50:47,2562468,4627359,124,176722
linear_regression_additional/trace/lra_40/vpython_energy.txt,nergy,5.725743,14:50:49,14:50:55,2331084,4247378,130,158850
linear_regression_additional/trace/lra_40/vpython_house.txt,house,5.307627,14:50:57,14:51:02,2347979,4283221,126,159687
linear_regression_additional/trace/lra_40/vpython_medical.txt,dical,5.296693,14:50:34,14:50:39,2329954,4245080,129,158806

linear_regression_additional/trace/lra_41/vpython_car.txt,n_car,5.60119,14:51:04,14:51:10,2335694,4256892,131,159063
linear_regression_additional/trace/lra_41/vpython_diabetes.txt,betes,5.951965,14:51:19,14:51:25,2562483,4627384,124,176722
linear_regression_additional/trace/lra_41/vpython_energy.txt,nergy,5.100975,14:51:27,14:51:32,2331063,4247343,130,158850
linear_regression_additional/trace/lra_41/vpython_house.txt,house,5.885158,14:51:35,14:51:40,2348012,4283276,126,159687
linear_regression_additional/trace/lra_41/vpython_medical.txt,dical,5.270856,14:51:12,14:51:17,2329951,4245075,129,158806

linear_regression_additional/trace/lra_42/vpython_car.txt,n_car,5.294006,14:51:43,14:51:48,2335679,4256867,131,159063
linear_regression_additional/trace/lra_42/vpython_diabetes.txt,betes,6.100513,14:51:57,14:52:03,2562453,4627334,124,176722
linear_regression_additional/trace/lra_42/vpython_energy.txt,nergy,5.18033,14:52:05,14:52:10,2331093,4247393,130,158850
linear_regression_additional/trace/lra_42/vpython_house.txt,house,5.439977,14:52:12,14:52:18,2347976,4283216,126,159687
linear_regression_additional/trace/lra_42/vpython_medical.txt,dical,5.068961,14:51:50,14:51:55,2329966,4245100,129,158806

linear_regression_additional/trace/lra_43/vpython_car.txt,n_car,5.424585,14:52:20,14:52:25,2335661,4256837,131,159063
linear_regression_additional/trace/lra_43/vpython_diabetes.txt,betes,5.712108,14:52:35,14:52:40,2562453,4627334,124,176722
linear_regression_additional/trace/lra_43/vpython_energy.txt,nergy,5.228903,14:52:42,14:52:48,2331087,4247383,130,158850
linear_regression_additional/trace/lra_43/vpython_house.txt,house,5.517963,14:52:50,14:52:55,2347985,4283231,126,159687
linear_regression_additional/trace/lra_43/vpython_medical.txt,dical,5.121054,14:52:27,14:52:33,2329957,4245085,129,158806

linear_regression_additional/trace/lra_44/vpython_car.txt,n_car,5.216778,14:52:57,14:53:03,2335679,4256867,131,159063
linear_regression_additional/trace/lra_44/vpython_diabetes.txt,betes,5.852714,14:53:12,14:53:18,2562468,4627359,124,176722
linear_regression_additional/trace/lra_44/vpython_energy.txt,nergy,5.158331,14:53:20,14:53:25,2331063,4247343,130,158850
linear_regression_additional/trace/lra_44/vpython_house.txt,house,5.435443,14:53:27,14:53:33,2347976,4283216,126,159687
linear_regression_additional/trace/lra_44/vpython_medical.txt,dical,5.188033,14:53:05,14:53:10,2329960,4245090,129,158806

linear_regression_additional/trace/lra_45/vpython_car.txt,n_car,5.262915,14:53:35,14:53:40,2335658,4256832,131,159063
linear_regression_additional/trace/lra_45/vpython_diabetes.txt,betes,5.938172,14:53:50,14:53:56,2562465,4627354,124,176722
linear_regression_additional/trace/lra_45/vpython_energy.txt,nergy,5.218763,14:53:58,14:54:03,2331075,4247363,130,158850
linear_regression_additional/trace/lra_45/vpython_house.txt,house,4.999329,14:54:05,14:54:10,2347970,4283206,126,159687
linear_regression_additional/trace/lra_45/vpython_medical.txt,dical,5.494744,14:53:42,14:53:48,2329951,4245075,129,158806

linear_regression_additional/trace/lra_46/vpython_car.txt,n_car,5.062622,14:54:12,14:54:17,2335667,4256847,131,159063
linear_regression_additional/trace/lra_46/vpython_diabetes.txt,betes,5.737459,14:54:27,14:54:32,2562453,4627334,124,176722
linear_regression_additional/trace/lra_46/vpython_energy.txt,nergy,5.254424,14:54:34,14:54:40,2331075,4247363,130,158850
linear_regression_additional/trace/lra_46/vpython_house.txt,house,5.214793,14:54:42,14:54:47,2347979,4283221,126,159687
linear_regression_additional/trace/lra_46/vpython_medical.txt,dical,5.398383,14:54:19,14:54:25,2329963,4245095,129,158806

linear_regression_additional/trace/lra_47/vpython_car.txt,n_car,5.273283,14:54:49,14:54:54,2335664,4256842,131,159063
linear_regression_additional/trace/lra_47/vpython_diabetes.txt,betes,5.805062,14:55:04,14:55:09,2562465,4627354,124,176722
linear_regression_additional/trace/lra_47/vpython_energy.txt,nergy,5.550551,14:55:11,14:55:17,2331072,4247358,130,158850
linear_regression_additional/trace/lra_47/vpython_house.txt,house,5.339215,14:55:19,14:55:24,2347979,4283221,126,159687
linear_regression_additional/trace/lra_47/vpython_medical.txt,dical,5.157951,14:54:56,14:55:02,2329954,4245080,129,158806

linear_regression_additional/trace/lra_48/vpython_car.txt,n_car,5.540208,14:55:27,14:55:32,2335673,4256857,131,159063
linear_regression_additional/trace/lra_48/vpython_diabetes.txt,betes,6.232879,14:55:42,14:55:48,2562465,4627354,124,176722
linear_regression_additional/trace/lra_48/vpython_energy.txt,nergy,5.254566,14:55:50,14:55:55,2331072,4247358,130,158850
linear_regression_additional/trace/lra_48/vpython_house.txt,house,5.219657,14:55:57,14:56:03,2347976,4283216,126,159687
linear_regression_additional/trace/lra_48/vpython_medical.txt,dical,5.435105,14:55:34,14:55:40,2329948,4245070,129,158806

linear_regression_additional/trace/lra_49/vpython_car.txt,n_car,5.410482,14:56:05,14:56:10,2335679,4256867,131,159063
linear_regression_additional/trace/lra_49/vpython_diabetes.txt,betes,5.579836,14:56:20,14:56:25,2562465,4627354,124,176722
linear_regression_additional/trace/lra_49/vpython_energy.txt,nergy,5.421786,14:56:27,14:56:33,2331066,4247348,130,158850
linear_regression_additional/trace/lra_49/vpython_house.txt,house,5.34883,14:56:35,14:56:40,2347982,4283226,126,159687
linear_regression_additional/trace/lra_49/vpython_medical.txt,dical,5.392928,14:56:12,14:56:18,2329966,4245100,129,158806

linear_regression_additional/trace/lra_50/vpython_car.txt,n_car,5.2363,14:56:42,14:56:47,2335673,4256857,131,159063
linear_regression_additional/trace/lra_50/vpython_diabetes.txt,betes,5.719885,14:56:57,14:57:02,2562450,4627329,124,176722
linear_regression_additional/trace/lra_50/vpython_energy.txt,nergy,5.467829,14:57:04,14:57:10,2331087,4247383,130,158850
linear_regression_additional/trace/lra_50/vpython_house.txt,house,5.763028,14:57:12,14:57:18,2347973,4283211,126,159687
linear_regression_additional/trace/lra_50/vpython_medical.txt,dical,5.116702,14:56:50,14:56:55,2329960,4245090,129,158806

linear_regression_additional/trace/lra_51/vpython_car.txt,n_car,5.416814,14:57:20,14:57:25,2335667,4256847,131,159063
linear_regression_additional/trace/lra_51/vpython_diabetes.txt,betes,5.932021,14:57:35,14:57:41,2562465,4627354,124,176722
linear_regression_additional/trace/lra_51/vpython_energy.txt,nergy,5.256243,14:57:43,14:57:48,2331078,4247368,130,158850
linear_regression_additional/trace/lra_51/vpython_house.txt,house,5.547324,14:57:50,14:57:55,2347982,4283226,126,159687
linear_regression_additional/trace/lra_51/vpython_medical.txt,dical,5.107349,14:57:27,14:57:33,2329948,4245070,129,158806

linear_regression_additional/trace/lra_52/vpython_car.txt,n_car,5.334003,14:57:58,14:58:03,2335667,4256847,131,159063
linear_regression_additional/trace/lra_52/vpython_diabetes.txt,betes,5.8593,14:58:13,14:58:19,2562465,4627354,124,176722
linear_regression_additional/trace/lra_52/vpython_energy.txt,nergy,5.069164,14:58:21,14:58:26,2331063,4247343,130,158850
linear_regression_additional/trace/lra_52/vpython_house.txt,house,5.307662,14:58:28,14:58:33,2347991,4283241,126,159687
linear_regression_additional/trace/lra_52/vpython_medical.txt,dical,5.608665,14:58:05,14:58:11,2329966,4245100,129,158806

linear_regression_additional/trace/lra_53/vpython_car.txt,n_car,5.641669,14:58:35,14:58:41,2335676,4256862,131,159063
linear_regression_additional/trace/lra_53/vpython_diabetes.txt,betes,6.051198,14:58:50,14:58:56,2562465,4627354,124,176722
linear_regression_additional/trace/lra_53/vpython_energy.txt,nergy,5.322184,14:58:58,14:59:03,2331060,4247338,130,158850
linear_regression_additional/trace/lra_53/vpython_house.txt,house,5.470478,14:59:06,14:59:11,2347982,4283226,126,159687
linear_regression_additional/trace/lra_53/vpython_medical.txt,dical,5.113978,14:58:43,14:58:48,2329966,4245100,129,158806

linear_regression_additional/trace/lra_54/vpython_car.txt,n_car,5.278002,14:59:13,14:59:18,2335670,4256852,131,159063
linear_regression_additional/trace/lra_54/vpython_diabetes.txt,betes,5.929808,14:59:28,14:59:34,2562453,4627334,124,176722
linear_regression_additional/trace/lra_54/vpython_energy.txt,nergy,5.29594,14:59:36,14:59:41,2331066,4247348,130,158850
linear_regression_additional/trace/lra_54/vpython_house.txt,house,5.273798,14:59:43,14:59:49,2348009,4283271,126,159687
linear_regression_additional/trace/lra_54/vpython_medical.txt,dical,5.328009,14:59:21,14:59:26,2329951,4245075,129,158806

linear_regression_additional/trace/lra_55/vpython_car.txt,n_car,5.435364,14:59:51,14:59:56,2335658,4256832,131,159063
linear_regression_additional/trace/lra_55/vpython_diabetes.txt,betes,5.661593,15:00:06,15:00:11,2562456,4627339,124,176722
linear_regression_additional/trace/lra_55/vpython_energy.txt,nergy,5.155715,15:00:13,15:00:19,2331078,4247368,130,158850
linear_regression_additional/trace/lra_55/vpython_house.txt,house,5.75037,15:00:21,15:00:26,2347985,4283231,126,159687
linear_regression_additional/trace/lra_55/vpython_medical.txt,dical,5.40722,14:59:58,15:00:04,2329948,4245070,129,158806

linear_regression_additional/trace/lra_56/vpython_car.txt,n_car,5.397854,15:00:28,15:00:34,2335676,4256862,131,159063
linear_regression_additional/trace/lra_56/vpython_diabetes.txt,betes,5.778989,15:00:43,15:00:49,2562471,4627364,124,176722
linear_regression_additional/trace/lra_56/vpython_energy.txt,nergy,5.249187,15:00:51,15:00:56,2331057,4247333,130,158850
linear_regression_additional/trace/lra_56/vpython_house.txt,house,5.009311,15:00:58,15:01:03,2347982,4283226,126,159687
linear_regression_additional/trace/lra_56/vpython_medical.txt,dical,5.194805,15:00:36,15:00:41,2329951,4245075,129,158806

linear_regression_additional/trace/lra_57/vpython_car.txt,n_car,5.320408,15:01:06,15:01:11,2335667,4256847,131,159063
linear_regression_additional/trace/lra_57/vpython_diabetes.txt,betes,5.945741,15:01:20,15:01:26,2562462,4627349,124,176722
linear_regression_additional/trace/lra_57/vpython_energy.txt,nergy,5.385216,15:01:28,15:01:34,2331063,4247343,130,158850
linear_regression_additional/trace/lra_57/vpython_house.txt,house,5.44065,15:01:36,15:01:41,2347985,4283231,126,159687
linear_regression_additional/trace/lra_57/vpython_medical.txt,dical,5.354213,15:01:13,15:01:18,2329948,4245070,129,158806

linear_regression_additional/trace/lra_58/vpython_car.txt,n_car,5.636812,15:01:43,15:01:49,2335655,4256827,131,159063
linear_regression_additional/trace/lra_58/vpython_diabetes.txt,betes,5.927357,15:01:58,15:02:04,2562456,4627339,124,176722
linear_regression_additional/trace/lra_58/vpython_energy.txt,nergy,5.152917,15:02:06,15:02:12,2331087,4247383,130,158850
linear_regression_additional/trace/lra_58/vpython_house.txt,house,5.426234,15:02:14,15:02:19,2347982,4283226,126,159687
linear_regression_additional/trace/lra_58/vpython_medical.txt,dical,5.247516,15:01:51,15:01:56,2329945,4245065,129,158806

linear_regression_additional/trace/lra_59/vpython_car.txt,n_car,5.439845,15:02:21,15:02:27,2335670,4256852,131,159063
linear_regression_additional/trace/lra_59/vpython_diabetes.txt,betes,6.139292,15:02:36,15:02:42,2562468,4627359,124,176722
linear_regression_additional/trace/lra_59/vpython_energy.txt,nergy,5.101337,15:02:44,15:02:50,2331075,4247363,130,158850
linear_regression_additional/trace/lra_59/vpython_house.txt,house,5.320435,15:02:52,15:02:57,2347988,4283236,126,159687
linear_regression_additional/trace/lra_59/vpython_medical.txt,dical,5.527461,15:02:29,15:02:34,2329957,4245085,129,158806

linear_regression_additional/trace/lra_60/vpython_car.txt,n_car,5.310077,15:02:59,15:03:04,2335667,4256847,131,159063
linear_regression_additional/trace/lra_60/vpython_diabetes.txt,betes,5.524953,15:03:14,15:03:19,2562456,4627339,124,176722
linear_regression_additional/trace/lra_60/vpython_energy.txt,nergy,5.22054,15:03:21,15:03:27,2331063,4247343,130,158850
linear_regression_additional/trace/lra_60/vpython_house.txt,house,5.207207,15:03:29,15:03:34,2347991,4283241,126,159687
linear_regression_additional/trace/lra_60/vpython_medical.txt,dical,5.199941,15:03:06,15:03:12,2329957,4245085,129,158806

linear_regression_additional/trace/lra_61/vpython_car.txt,n_car,5.34651,15:03:36,15:03:41,2335676,4256862,131,159063
linear_regression_additional/trace/lra_61/vpython_diabetes.txt,betes,5.847575,15:03:51,15:03:56,2562456,4627339,124,176722
linear_regression_additional/trace/lra_61/vpython_energy.txt,nergy,5.250356,15:03:59,15:04:04,2331069,4247353,130,158850
linear_regression_additional/trace/lra_61/vpython_house.txt,house,5.596793,15:04:06,15:04:11,2347979,4283221,126,159687
linear_regression_additional/trace/lra_61/vpython_medical.txt,dical,5.1909,15:03:43,15:03:49,2329945,4245065,129,158806

linear_regression_additional/trace/lra_62/vpython_car.txt,n_car,5.180947,15:04:14,15:04:19,2335673,4256857,131,159063
linear_regression_additional/trace/lra_62/vpython_diabetes.txt,betes,5.681431,15:04:28,15:04:33,2562450,4627329,124,176722
linear_regression_additional/trace/lra_62/vpython_energy.txt,nergy,5.281533,15:04:36,15:04:41,2331072,4247358,130,158850
linear_regression_additional/trace/lra_62/vpython_house.txt,house,5.41375,15:04:43,15:04:48,2348000,4283256,126,159687
linear_regression_additional/trace/lra_62/vpython_medical.txt,dical,4.920123,15:04:21,15:04:26,2329942,4245060,129,158806

linear_regression_additional/trace/lra_63/vpython_car.txt,n_car,5.361404,15:04:50,15:04:56,2335658,4256832,131,159063
linear_regression_additional/trace/lra_63/vpython_diabetes.txt,betes,5.662783,15:05:05,15:05:11,2562459,4627344,124,176722
linear_regression_additional/trace/lra_63/vpython_energy.txt,nergy,5.049621,15:05:13,15:05:18,2331081,4247373,130,158850
linear_regression_additional/trace/lra_63/vpython_house.txt,house,5.762294,15:05:20,15:05:26,2347976,4283216,126,159687
linear_regression_additional/trace/lra_63/vpython_medical.txt,dical,5.188437,15:04:58,15:05:03,2329954,4245080,129,158806

linear_regression_additional/trace/lra_64/vpython_car.txt,n_car,5.359962,15:05:28,15:05:33,2335670,4256852,131,159063
linear_regression_additional/trace/lra_64/vpython_diabetes.txt,betes,6.071014,15:05:43,15:05:49,2562459,4627344,124,176722
linear_regression_additional/trace/lra_64/vpython_energy.txt,nergy,5.437331,15:05:51,15:05:56,2331072,4247358,130,158850
linear_regression_additional/trace/lra_64/vpython_house.txt,house,5.392543,15:05:58,15:06:04,2347985,4283231,126,159687
linear_regression_additional/trace/lra_64/vpython_medical.txt,dical,5.144477,15:05:35,15:05:40,2329948,4245070,129,158806

linear_regression_additional/trace/lra_65/vpython_car.txt,n_car,5.330924,15:06:06,15:06:11,2335691,4256887,131,159063
linear_regression_additional/trace/lra_65/vpython_diabetes.txt,betes,5.859461,15:06:21,15:06:26,2562450,4627329,124,176722
linear_regression_additional/trace/lra_65/vpython_energy.txt,nergy,5.102021,15:06:28,15:06:34,2331093,4247393,130,158850
linear_regression_additional/trace/lra_65/vpython_house.txt,house,5.315481,15:06:36,15:06:41,2347985,4283231,126,159687
linear_regression_additional/trace/lra_65/vpython_medical.txt,dical,5.343809,15:06:13,15:06:18,2329972,4245110,129,158806

linear_regression_additional/trace/lra_66/vpython_car.txt,n_car,5.278841,15:06:43,15:06:48,2335655,4256827,131,159063
linear_regression_additional/trace/lra_66/vpython_diabetes.txt,betes,5.722311,15:06:58,15:07:03,2562477,4627374,124,176722
linear_regression_additional/trace/lra_66/vpython_energy.txt,nergy,5.122137,15:07:06,15:07:11,2331066,4247348,130,158850
linear_regression_additional/trace/lra_66/vpython_house.txt,house,5.307078,15:07:13,15:07:18,2347985,4283231,126,159687
linear_regression_additional/trace/lra_66/vpython_medical.txt,dical,5.261995,15:06:50,15:06:56,2329954,4245080,129,158806

linear_regression_additional/trace/lra_67/vpython_car.txt,n_car,5.277018,15:07:20,15:07:25,2335664,4256842,131,159063
linear_regression_additional/trace/lra_67/vpython_diabetes.txt,betes,5.569137,15:07:35,15:07:41,2562462,4627349,124,176722
linear_regression_additional/trace/lra_67/vpython_energy.txt,nergy,5.336804,15:07:43,15:07:48,2331072,4247358,130,158850
linear_regression_additional/trace/lra_67/vpython_house.txt,house,5.509537,15:07:50,15:07:56,2347970,4283206,126,159687
linear_regression_additional/trace/lra_67/vpython_medical.txt,dical,5.404634,15:07:28,15:07:33,2329960,4245090,129,158806

linear_regression_additional/trace/lra_68/vpython_car.txt,n_car,5.23739,15:07:58,15:08:03,2335661,4256837,131,159063
linear_regression_additional/trace/lra_68/vpython_diabetes.txt,betes,6.14827,15:08:12,15:08:18,2562474,4627369,124,176722
linear_regression_additional/trace/lra_68/vpython_energy.txt,nergy,5.461646,15:08:20,15:08:26,2331075,4247363,130,158850
linear_regression_additional/trace/lra_68/vpython_house.txt,house,5.452226,15:08:28,15:08:33,2347988,4283236,126,159687
linear_regression_additional/trace/lra_68/vpython_medical.txt,dical,5.182951,15:08:05,15:08:10,2329954,4245080,129,158806

linear_regression_additional/trace/lra_69/vpython_car.txt,n_car,5.516229,15:08:36,15:08:41,2335676,4256862,131,159063
linear_regression_additional/trace/lra_69/vpython_diabetes.txt,betes,6.03129,15:08:50,15:08:56,2562459,4627344,124,176722
linear_regression_additional/trace/lra_69/vpython_energy.txt,nergy,5.238443,15:08:58,15:09:04,2331063,4247343,130,158850
linear_regression_additional/trace/lra_69/vpython_house.txt,house,5.428295,15:09:06,15:09:11,2347976,4283216,126,159687
linear_regression_additional/trace/lra_69/vpython_medical.txt,dical,5.086919,15:08:43,15:08:48,2329942,4245060,129,158806

linear_regression_additional/trace/lra_70/vpython_car.txt,n_car,5.514828,15:09:13,15:09:19,2335658,4256832,131,159063
linear_regression_additional/trace/lra_70/vpython_diabetes.txt,betes,5.833711,15:09:28,15:09:34,2562474,4627369,124,176722
linear_regression_additional/trace/lra_70/vpython_energy.txt,nergy,5.104133,15:09:36,15:09:41,2331090,4247388,130,158850
linear_regression_additional/trace/lra_70/vpython_house.txt,house,5.136761,15:09:43,15:09:48,2347976,4283216,126,159687
linear_regression_additional/trace/lra_70/vpython_medical.txt,dical,5.094307,15:09:21,15:09:26,2329948,4245070,129,158806

linear_regression_additional/trace/lra_71/vpython_car.txt,n_car,5.546532,15:09:50,15:09:56,2335682,4256872,131,159063
linear_regression_additional/trace/lra_71/vpython_diabetes.txt,betes,5.93101,15:10:05,15:10:11,2562459,4627344,124,176722
linear_regression_additional/trace/lra_71/vpython_energy.txt,nergy,5.350601,15:10:13,15:10:19,2331072,4247358,130,158850
linear_regression_additional/trace/lra_71/vpython_house.txt,house,5.430969,15:10:21,15:10:26,2347988,4283236,126,159687
linear_regression_additional/trace/lra_71/vpython_medical.txt,dical,5.295665,15:09:58,15:10:03,2329936,4245050,129,158806

linear_regression_additional/trace/lra_72/vpython_car.txt,n_car,5.267109,15:10:28,15:10:34,2335661,4256837,131,159063
linear_regression_additional/trace/lra_72/vpython_diabetes.txt,betes,5.790721,15:10:43,15:10:49,2562459,4627344,124,176722
linear_regression_additional/trace/lra_72/vpython_energy.txt,nergy,5.194015,15:10:51,15:10:56,2331078,4247368,130,158850
linear_regression_additional/trace/lra_72/vpython_house.txt,house,5.593412,15:10:58,15:11:04,2347976,4283216,126,159687
linear_regression_additional/trace/lra_72/vpython_medical.txt,dical,5.245203,15:10:36,15:10:41,2329957,4245085,129,158806

linear_regression_additional/trace/lra_73/vpython_car.txt,n_car,5.571536,15:11:06,15:11:11,2335670,4256852,131,159063
linear_regression_additional/trace/lra_73/vpython_diabetes.txt,betes,5.908442,15:11:21,15:11:27,2562456,4627339,124,176722
linear_regression_additional/trace/lra_73/vpython_energy.txt,nergy,5.390896,15:11:29,15:11:34,2331069,4247353,130,158850
linear_regression_additional/trace/lra_73/vpython_house.txt,house,5.790247,15:11:36,15:11:42,2347985,4283231,126,159687
linear_regression_additional/trace/lra_73/vpython_medical.txt,dical,5.207789,15:11:13,15:11:19,2329954,4245080,129,158806

linear_regression_additional/trace/lra_74/vpython_car.txt,n_car,5.248004,15:11:44,15:11:49,2335676,4256862,131,159063
linear_regression_additional/trace/lra_74/vpython_diabetes.txt,betes,5.699176,15:11:58,15:12:04,2562471,4627364,124,176722
linear_regression_additional/trace/lra_74/vpython_energy.txt,nergy,5.28878,15:12:06,15:12:12,2331078,4247368,130,158850
linear_regression_additional/trace/lra_74/vpython_house.txt,house,5.824931,15:12:14,15:12:19,2347988,4283236,126,159687
linear_regression_additional/trace/lra_74/vpython_medical.txt,dical,4.984714,15:11:51,15:11:56,2329954,4245080,129,158806

linear_regression_additional/trace/lra_75/vpython_car.txt,n_car,5.398815,15:12:22,15:12:27,2335667,4256847,131,159063
linear_regression_additional/trace/lra_75/vpython_diabetes.txt,betes,6.1771,15:12:36,15:12:42,2562459,4627344,124,176722
linear_regression_additional/trace/lra_75/vpython_energy.txt,nergy,5.041266,15:12:44,15:12:49,2331078,4247368,130,158850
linear_regression_additional/trace/lra_75/vpython_house.txt,house,5.319036,15:12:52,15:12:57,2347985,4283231,126,159687
linear_regression_additional/trace/lra_75/vpython_medical.txt,dical,5.106673,15:12:29,15:12:34,2329954,4245080,129,158806

linear_regression_additional/trace/lra_76/vpython_car.txt,n_car,5.300865,15:12:59,15:13:04,2335676,4256862,131,159063
linear_regression_additional/trace/lra_76/vpython_diabetes.txt,betes,5.835659,15:13:14,15:13:20,2562456,4627339,124,176722
linear_regression_additional/trace/lra_76/vpython_energy.txt,nergy,5.479123,15:13:22,15:13:27,2331081,4247373,130,158850
linear_regression_additional/trace/lra_76/vpython_house.txt,house,5.578949,15:13:29,15:13:35,2347991,4283241,126,159687
linear_regression_additional/trace/lra_76/vpython_medical.txt,dical,5.326346,15:13:06,15:13:12,2329942,4245060,129,158806

linear_regression_additional/trace/lra_77/vpython_car.txt,n_car,5.169838,15:13:37,15:13:42,2335676,4256862,131,159063
linear_regression_additional/trace/lra_77/vpython_diabetes.txt,betes,6.316999,15:13:51,15:13:58,2562465,4627354,124,176722
linear_regression_additional/trace/lra_77/vpython_energy.txt,nergy,5.245014,15:14:00,15:14:05,2331075,4247363,130,158850
linear_regression_additional/trace/lra_77/vpython_house.txt,house,5.27045,15:14:07,15:14:12,2347982,4283226,126,159687
linear_regression_additional/trace/lra_77/vpython_medical.txt,dical,5.138983,15:13:44,15:13:49,2329960,4245090,129,158806

linear_regression_additional/trace/lra_78/vpython_car.txt,n_car,5.275658,15:14:15,15:14:20,2335661,4256837,131,159063
linear_regression_additional/trace/lra_78/vpython_diabetes.txt,betes,6.170943,15:14:29,15:14:35,2562462,4627349,124,176722
linear_regression_additional/trace/lra_78/vpython_energy.txt,nergy,5.283507,15:14:37,15:14:43,2331069,4247353,130,158850
linear_regression_additional/trace/lra_78/vpython_house.txt,house,5.001395,15:14:45,15:14:50,2347982,4283226,126,159687
linear_regression_additional/trace/lra_78/vpython_medical.txt,dical,5.134467,15:14:22,15:14:27,2329939,4245055,129,158806

linear_regression_additional/trace/lra_79/vpython_car.txt,n_car,5.40743,15:14:52,15:14:57,2335655,4256827,131,159063
linear_regression_additional/trace/lra_79/vpython_diabetes.txt,betes,6.014552,15:15:07,15:15:13,2562465,4627354,124,176722
linear_regression_additional/trace/lra_79/vpython_energy.txt,nergy,5.344716,15:15:15,15:15:20,2331078,4247368,130,158850
linear_regression_additional/trace/lra_79/vpython_house.txt,house,5.381369,15:15:22,15:15:28,2347973,4283211,126,159687
linear_regression_additional/trace/lra_79/vpython_medical.txt,dical,5.341417,15:14:59,15:15:05,2329945,4245065,129,158806

linear_regression_additional/trace/lra_80/vpython_car.txt,n_car,5.138673,15:15:30,15:15:35,2335658,4256832,131,159063
linear_regression_additional/trace/lra_80/vpython_diabetes.txt,betes,5.781563,15:15:44,15:15:50,2562453,4627334,124,176722
linear_regression_additional/trace/lra_80/vpython_energy.txt,nergy,4.996259,15:15:52,15:15:57,2331060,4247338,130,158850
linear_regression_additional/trace/lra_80/vpython_house.txt,house,5.11227,15:15:59,15:16:04,2348006,4283266,126,159687
linear_regression_additional/trace/lra_80/vpython_medical.txt,dical,5.424514,15:15:37,15:15:42,2329939,4245055,129,158806

linear_regression_additional/trace/lra_81/vpython_car.txt,n_car,5.34248,15:16:07,15:16:12,2335676,4256862,131,159063
linear_regression_additional/trace/lra_81/vpython_diabetes.txt,betes,5.894505,15:16:21,15:16:27,2562456,4627339,124,176722
linear_regression_additional/trace/lra_81/vpython_energy.txt,nergy,5.367442,15:16:29,15:16:34,2331069,4247353,130,158850
linear_regression_additional/trace/lra_81/vpython_house.txt,house,5.369469,15:16:36,15:16:42,2348000,4283256,126,159687
linear_regression_additional/trace/lra_81/vpython_medical.txt,dical,5.027618,15:16:14,15:16:19,2329951,4245075,129,158806

linear_regression_additional/trace/lra_82/vpython_car.txt,n_car,5.196539,15:16:44,15:16:49,2335658,4256832,131,159063
linear_regression_additional/trace/lra_82/vpython_diabetes.txt,betes,5.813587,15:16:59,15:17:04,2562483,4627384,124,176722
linear_regression_additional/trace/lra_82/vpython_energy.txt,nergy,5.180464,15:17:06,15:17:12,2331081,4247373,130,158850
linear_regression_additional/trace/lra_82/vpython_house.txt,house,5.413587,15:17:14,15:17:19,2347985,4283231,126,159687
linear_regression_additional/trace/lra_82/vpython_medical.txt,dical,5.215961,15:16:51,15:16:56,2329945,4245065,129,158806

linear_regression_additional/trace/lra_83/vpython_car.txt,n_car,5.27066,15:17:21,15:17:26,2335658,4256832,131,159063
linear_regression_additional/trace/lra_83/vpython_diabetes.txt,betes,6.125615,15:17:36,15:17:42,2562450,4627329,124,176722
linear_regression_additional/trace/lra_83/vpython_energy.txt,nergy,5.091981,15:17:44,15:17:49,2331075,4247363,130,158850
linear_regression_additional/trace/lra_83/vpython_house.txt,house,5.325318,15:17:51,15:17:57,2347979,4283221,126,159687
linear_regression_additional/trace/lra_83/vpython_medical.txt,dical,5.406566,15:17:29,15:17:34,2329942,4245060,129,158806

linear_regression_additional/trace/lra_84/vpython_car.txt,n_car,5.366987,15:17:59,15:18:04,2335664,4256842,131,159063
linear_regression_additional/trace/lra_84/vpython_diabetes.txt,betes,5.73802,15:18:14,15:18:19,2562453,4627334,124,176722
linear_regression_additional/trace/lra_84/vpython_energy.txt,nergy,4.974403,15:18:21,15:18:26,2331069,4247353,130,158850
linear_regression_additional/trace/lra_84/vpython_house.txt,house,5.49933,15:18:28,15:18:34,2347976,4283216,126,159687
linear_regression_additional/trace/lra_84/vpython_medical.txt,dical,5.244666,15:18:06,15:18:12,2329939,4245055,129,158806

linear_regression_additional/trace/lra_85/vpython_car.txt,n_car,5.54624,15:18:36,15:18:42,2335670,4256852,131,159063
linear_regression_additional/trace/lra_85/vpython_diabetes.txt,betes,6.091024,15:18:51,15:18:57,2562477,4627374,124,176722
linear_regression_additional/trace/lra_85/vpython_energy.txt,nergy,4.947394,15:18:59,15:19:04,2331078,4247368,130,158850
linear_regression_additional/trace/lra_85/vpython_house.txt,house,5.39681,15:19:06,15:19:12,2347991,4283241,126,159687
linear_regression_additional/trace/lra_85/vpython_medical.txt,dical,5.527339,15:18:44,15:18:49,2329942,4245060,129,158806

linear_regression_additional/trace/lra_86/vpython_car.txt,n_car,5.739454,15:19:14,15:19:20,2335667,4256847,131,159063
linear_regression_additional/trace/lra_86/vpython_diabetes.txt,betes,5.597784,15:19:29,15:19:35,2562453,4627334,124,176722
linear_regression_additional/trace/lra_86/vpython_energy.txt,nergy,5.043992,15:19:37,15:19:42,2331066,4247348,130,158850
linear_regression_additional/trace/lra_86/vpython_house.txt,house,5.320379,15:19:44,15:19:49,2347994,4283246,126,159687
linear_regression_additional/trace/lra_86/vpython_medical.txt,dical,5.39493,15:19:22,15:19:27,2329963,4245095,129,158806

linear_regression_additional/trace/lra_87/vpython_car.txt,n_car,5.257915,15:19:52,15:19:57,2335673,4256857,131,159063
linear_regression_additional/trace/lra_87/vpython_diabetes.txt,betes,5.952241,15:20:06,15:20:12,2562465,4627354,124,176722
linear_regression_additional/trace/lra_87/vpython_energy.txt,nergy,5.180723,15:20:14,15:20:20,2331093,4247393,130,158850
linear_regression_additional/trace/lra_87/vpython_house.txt,house,5.402891,15:20:22,15:20:27,2347988,4283236,126,159687
linear_regression_additional/trace/lra_87/vpython_medical.txt,dical,5.47875,15:19:59,15:20:04,2329960,4245090,129,158806

linear_regression_additional/trace/lra_88/vpython_car.txt,n_car,5.248795,15:20:29,15:20:34,2335670,4256852,131,159063
linear_regression_additional/trace/lra_88/vpython_diabetes.txt,betes,5.778392,15:20:44,15:20:50,2562456,4627339,124,176722
linear_regression_additional/trace/lra_88/vpython_energy.txt,nergy,5.155827,15:20:52,15:20:57,2331075,4247363,130,158850
linear_regression_additional/trace/lra_88/vpython_house.txt,house,5.649807,15:20:59,15:21:05,2347976,4283216,126,159687
linear_regression_additional/trace/lra_88/vpython_medical.txt,dical,5.351183,15:20:37,15:20:42,2329960,4245090,129,158806

linear_regression_additional/trace/lra_89/vpython_car.txt,n_car,5.276653,15:21:07,15:21:12,2335661,4256837,131,159063
linear_regression_additional/trace/lra_89/vpython_diabetes.txt,betes,6.17315,15:21:21,15:21:27,2562444,4627319,124,176722
linear_regression_additional/trace/lra_89/vpython_energy.txt,nergy,5.230108,15:21:29,15:21:35,2331075,4247363,130,158850
linear_regression_additional/trace/lra_89/vpython_house.txt,house,5.051743,15:21:37,15:21:42,2347985,4283231,126,159687
linear_regression_additional/trace/lra_89/vpython_medical.txt,dical,5.013997,15:21:14,15:21:19,2329960,4245090,129,158806

linear_regression_additional/trace/lra_90/vpython_car.txt,n_car,5.190886,15:21:44,15:21:49,2335688,4256882,131,159063
linear_regression_additional/trace/lra_90/vpython_diabetes.txt,betes,6.161763,15:21:59,15:22:05,2562480,4627379,124,176722
linear_regression_additional/trace/lra_90/vpython_energy.txt,nergy,5.290775,15:22:07,15:22:12,2331087,4247383,130,158850
linear_regression_additional/trace/lra_90/vpython_house.txt,house,5.275057,15:22:14,15:22:19,2347979,4283221,126,159687
linear_regression_additional/trace/lra_90/vpython_medical.txt,dical,5.359898,15:21:51,15:21:57,2329939,4245055,129,158806

linear_regression_additional/trace/lra_91/vpython_car.txt,n_car,5.464957,15:22:22,15:22:27,2335682,4256872,131,159063
linear_regression_additional/trace/lra_91/vpython_diabetes.txt,betes,5.966723,15:22:36,15:22:42,2562468,4627359,124,176722
linear_regression_additional/trace/lra_91/vpython_energy.txt,nergy,5.125246,15:22:44,15:22:49,2331075,4247363,130,158850
linear_regression_additional/trace/lra_91/vpython_house.txt,house,5.310059,15:22:51,15:22:57,2347976,4283216,126,159687
linear_regression_additional/trace/lra_91/vpython_medical.txt,dical,5.018265,15:22:29,15:22:34,2329945,4245065,129,158806

linear_regression_additional/trace/lra_92/vpython_car.txt,n_car,5.460039,15:22:59,15:23:04,2335661,4256837,131,159063
linear_regression_additional/trace/lra_92/vpython_diabetes.txt,betes,6.061805,15:23:14,15:23:20,2562471,4627364,124,176722
linear_regression_additional/trace/lra_92/vpython_energy.txt,nergy,5.179286,15:23:22,15:23:27,2331087,4247383,130,158850
linear_regression_additional/trace/lra_92/vpython_house.txt,house,5.693289,15:23:29,15:23:35,2348006,4283266,126,159687
linear_regression_additional/trace/lra_92/vpython_medical.txt,dical,5.129012,15:23:06,15:23:12,2329954,4245080,129,158806

linear_regression_additional/trace/lra_93/vpython_car.txt,n_car,5.508881,15:23:37,15:23:42,2335661,4256837,131,159063
linear_regression_additional/trace/lra_93/vpython_diabetes.txt,betes,6.383105,15:23:52,15:23:58,2562456,4627339,124,176722
linear_regression_additional/trace/lra_93/vpython_energy.txt,nergy,5.345773,15:24:00,15:24:06,2331087,4247383,130,158850
linear_regression_additional/trace/lra_93/vpython_house.txt,house,5.197054,15:24:08,15:24:13,2347973,4283211,126,159687
linear_regression_additional/trace/lra_93/vpython_medical.txt,dical,5.316727,15:23:44,15:23:50,2329960,4245090,129,158806

linear_regression_additional/trace/lra_94/vpython_car.txt,n_car,5.736858,15:24:15,15:24:21,2335685,4256877,131,159063
linear_regression_additional/trace/lra_94/vpython_diabetes.txt,betes,5.919172,15:24:30,15:24:36,2562462,4627349,124,176722
linear_regression_additional/trace/lra_94/vpython_energy.txt,nergy,5.121466,15:24:38,15:24:43,2331069,4247353,130,158850
linear_regression_additional/trace/lra_94/vpython_house.txt,house,5.097522,15:24:45,15:24:51,2347979,4283221,126,159687
linear_regression_additional/trace/lra_94/vpython_medical.txt,dical,5.331667,15:24:23,15:24:28,2329939,4245055,129,158806

linear_regression_additional/trace/lra_95/vpython_car.txt,n_car,5.48116,15:24:53,15:24:58,2335682,4256872,131,159063
linear_regression_additional/trace/lra_95/vpython_diabetes.txt,betes,5.910476,15:25:07,15:25:13,2562456,4627339,124,176722
linear_regression_additional/trace/lra_95/vpython_energy.txt,nergy,5.270169,15:25:15,15:25:21,2331075,4247363,130,158850
linear_regression_additional/trace/lra_95/vpython_house.txt,house,5.363915,15:25:23,15:25:28,2347985,4283231,126,159687
linear_regression_additional/trace/lra_95/vpython_medical.txt,dical,5.165608,15:25:00,15:25:05,2329948,4245070,129,158806

linear_regression_additional/trace/lra_96/vpython_car.txt,n_car,5.245444,15:25:30,15:25:36,2335670,4256852,131,159063
linear_regression_additional/trace/lra_96/vpython_diabetes.txt,betes,6.272063,15:25:45,15:25:52,2562468,4627359,124,176722
linear_regression_additional/trace/lra_96/vpython_energy.txt,nergy,5.185802,15:25:54,15:25:59,2331063,4247343,130,158850
linear_regression_additional/trace/lra_96/vpython_house.txt,house,5.085946,15:26:01,15:26:06,2347985,4283231,126,159687
linear_regression_additional/trace/lra_96/vpython_medical.txt,dical,5.596024,15:25:38,15:25:43,2329972,4245110,129,158806

linear_regression_additional/trace/lra_97/vpython_car.txt,n_car,5.339138,15:26:08,15:26:13,2335670,4256852,131,159063
linear_regression_additional/trace/lra_97/vpython_diabetes.txt,betes,5.979539,15:26:23,15:26:29,2562456,4627339,124,176722
linear_regression_additional/trace/lra_97/vpython_energy.txt,nergy,4.927833,15:26:31,15:26:36,2331072,4247358,130,158850
linear_regression_additional/trace/lra_97/vpython_house.txt,house,5.511373,15:26:38,15:26:44,2347985,4283231,126,159687
linear_regression_additional/trace/lra_97/vpython_medical.txt,dical,5.418171,15:26:15,15:26:21,2329954,4245080,129,158806

linear_regression_additional/trace/lra_98/vpython_car.txt,n_car,5.757752,15:26:46,15:26:51,2335667,4256847,131,159063
linear_regression_additional/trace/lra_98/vpython_diabetes.txt,betes,5.919897,15:27:01,15:27:07,2562477,4627374,124,176722
linear_regression_additional/trace/lra_98/vpython_energy.txt,nergy,5.345998,15:27:09,15:27:14,2331078,4247368,130,158850
linear_regression_additional/trace/lra_98/vpython_house.txt,house,5.028631,15:27:16,15:27:21,2347976,4283216,126,159687
linear_regression_additional/trace/lra_98/vpython_medical.txt,dical,5.247218,15:26:54,15:26:59,2329945,4245065,129,158806

linear_regression_additional/trace/lra_99/vpython_car.txt,n_car,5.365598,15:27:23,15:27:29,2335667,4256847,131,159063
linear_regression_additional/trace/lra_99/vpython_diabetes.txt,betes,6.226903,15:27:38,15:27:44,2562465,4627354,124,176722
linear_regression_additional/trace/lra_99/vpython_energy.txt,nergy,5.09417,15:27:46,15:27:52,2331072,4247358,130,158850
linear_regression_additional/trace/lra_99/vpython_house.txt,house,5.518472,15:27:54,15:27:59,2348003,4283261,126,159687
linear_regression_additional/trace/lra_99/vpython_medical.txt,dical,5.246569,15:27:31,15:27:36,2329939,4245055,129,158806